CVE_ENT,CODIGO,ID_ESTRATO,Unidades_Economicas
01,21,0 a 5 personas,3
01,21,6 a 10 personas,3
01,22,0 a 5 personas,22
01,22,6 a 10 personas,9
01,23,0 a 5 personas,161
01,23,6 a 10 personas,92
01,31,0 a 5 personas,2049
01,31,6 a 10 personas,326
01,32,0 a 5 personas,999
01,32,6 a 10 personas,124
01,33,0 a 5 personas,1411
01,33,6 a 10 personas,194
01,43,0 a 5 personas,1481
01,43,6 a 10 personas,387
01,46,0 a 5 personas,20592
01,46,6 a 10 personas,1159
01,48,0 a 5 personas,120
01,48,6 a 10 personas,71
01,49,0 a 5 personas,42
01,49,6 a 10 personas,8
01,51,0 a 5 personas,91
01,51,6 a 10 personas,22
01,52,0 a 5 personas,862
01,52,6 a 10 personas,73
01,53,0 a 5 personas,990
01,53,6 a 10 personas,98
01,54,0 a 5 personas,1216
01,54,6 a 10 personas,245
01,55,0 a 5 personas,3
01,56,0 a 5 personas,841
01,56,6 a 10 personas,80
01,61,0 a 5 personas,367
01,61,6 a 10 personas,301
01,62,0 a 5 personas,2813
01,62,6 a 10 personas,249
01,71,0 a 5 personas,623
01,71,6 a 10 personas,92
01,72,0 a 5 personas,7662
01,72,6 a 10 personas,741
01,81,0 a 5 personas,8609
01,81,6 a 10 personas,453
02,21,0 a 5 personas,16
02,21,6 a 10 personas,16
02,22,0 a 5 personas,59
02,22,6 a 10 personas,19
02,23,0 a 5 personas,343
02,23,6 a 10 personas,150
02,31,0 a 5 personas,2968
02,31,6 a 10 personas,448
02,32,0 a 5 personas,1162
02,32,6 a 10 personas,186
02,33,0 a 5 personas,1634
02,33,6 a 10 personas,269
02,43,0 a 5 personas,2170
02,43,6 a 10 personas,721
02,46,0 a 5 personas,36040
02,46,6 a 10 personas,3521
02,48,0 a 5 personas,619
02,48,6 a 10 personas,198
02,49,0 a 5 personas,116
02,49,6 a 10 personas,34
02,51,0 a 5 personas,217
02,51,6 a 10 personas,62
02,52,0 a 5 personas,3551
02,52,6 a 10 personas,181
02,53,0 a 5 personas,1974
02,53,6 a 10 personas,251
02,54,0 a 5 personas,3053
02,54,6 a 10 personas,498
02,55,0 a 5 personas,7
02,55,6 a 10 personas,2
02,56,0 a 5 personas,1296
02,56,6 a 10 personas,191
02,61,0 a 5 personas,1100
02,61,6 a 10 personas,872
02,62,0 a 5 personas,6460
02,62,6 a 10 personas,780
02,71,0 a 5 personas,1143
02,71,6 a 10 personas,175
02,72,0 a 5 personas,10788
02,72,6 a 10 personas,2047
02,81,0 a 5 personas,21141
02,81,6 a 10 personas,1652
03,21,0 a 5 personas,12
03,21,6 a 10 personas,4
03,22,0 a 5 personas,29
03,22,6 a 10 personas,19
03,23,0 a 5 personas,149
03,23,6 a 10 personas,103
03,31,0 a 5 personas,1213
03,31,6 a 10 personas,183
03,32,0 a 5 personas,485
03,32,6 a 10 personas,56
03,33,0 a 5 personas,703
03,33,6 a 10 personas,53
03,43,0 a 5 personas,585
03,43,6 a 10 personas,203
03,46,0 a 5 personas,9865
03,46,6 a 10 personas,891
03,48,0 a 5 personas,206
03,48,6 a 10 personas,64
03,49,0 a 5 personas,48
03,49,6 a 10 personas,10
03,51,0 a 5 personas,92
03,51,6 a 10 personas,22
03,52,0 a 5 personas,827
03,52,6 a 10 personas,41
03,53,0 a 5 personas,684
03,53,6 a 10 personas,118
03,54,0 a 5 personas,756
03,54,6 a 10 personas,140
03,55,0 a 5 personas,1
03,56,0 a 5 personas,371
03,56,6 a 10 personas,61
03,61,0 a 5 personas,353
03,61,6 a 10 personas,161
03,62,0 a 5 personas,1210
03,62,6 a 10 personas,180
03,71,0 a 5 personas,437
03,71,6 a 10 personas,68
03,72,0 a 5 personas,4069
03,72,6 a 10 personas,697
03,81,0 a 5 personas,5630
03,81,6 a 10 personas,347
04,21,0 a 5 personas,6
04,21,6 a 10 personas,2
04,22,0 a 5 personas,54
04,22,6 a 10 personas,7
04,23,0 a 5 personas,132
04,23,6 a 10 personas,65
04,31,0 a 5 personas,2650
04,31,6 a 10 personas,108
04,32,0 a 5 personas,403
04,32,6 a 10 personas,22
04,33,0 a 5 personas,739
04,33,6 a 10 personas,24
04,43,0 a 5 personas,824
04,43,6 a 10 personas,141
04,46,0 a 5 personas,14543
04,46,6 a 10 personas,710
04,48,0 a 5 personas,141
04,48,6 a 10 personas,44
04,49,0 a 5 personas,44
04,49,6 a 10 personas,6
04,51,0 a 5 personas,120
04,51,6 a 10 personas,23
04,52,0 a 5 personas,553
04,52,6 a 10 personas,70
04,53,0 a 5 personas,400
04,53,6 a 10 personas,29
04,54,0 a 5 personas,607
04,54,6 a 10 personas,95
04,55,0 a 5 personas,1
04,55,6 a 10 personas,1
04,56,0 a 5 personas,529
04,56,6 a 10 personas,39
04,61,0 a 5 personas,304
04,61,6 a 10 personas,180
04,62,0 a 5 personas,1258
04,62,6 a 10 personas,191
04,71,0 a 5 personas,478
04,71,6 a 10 personas,44
04,72,0 a 5 personas,5061
04,72,6 a 10 personas,563
04,81,0 a 5 personas,5379
04,81,6 a 10 personas,364
05,21,0 a 5 personas,49
05,21,6 a 10 personas,16
05,22,0 a 5 personas,74
05,22,6 a 10 personas,34
05,23,0 a 5 personas,295
05,23,6 a 10 personas,147
05,31,0 a 5 personas,4331
05,31,6 a 10 personas,375
05,32,0 a 5 personas,1413
05,32,6 a 10 personas,192
05,33,0 a 5 personas,2170
05,33,6 a 10 personas,363
05,43,0 a 5 personas,2342
05,43,6 a 10 personas,582
05,46,0 a 5 personas,36458
05,46,6 a 10 personas,2871
05,48,0 a 5 personas,422
05,48,6 a 10 personas,159
05,49,0 a 5 personas,97
05,49,6 a 10 personas,29
05,51,0 a 5 personas,249
05,51,6 a 10 personas,56
05,52,0 a 5 personas,2586
05,52,6 a 10 personas,198
05,53,0 a 5 personas,2061
05,53,6 a 10 personas,145
05,54,0 a 5 personas,2131
05,54,6 a 10 personas,369
05,55,0 a 5 personas,7
05,56,0 a 5 personas,1016
05,56,6 a 10 personas,124
05,61,0 a 5 personas,1204
05,61,6 a 10 personas,1010
05,62,0 a 5 personas,4454
05,62,6 a 10 personas,464
05,71,0 a 5 personas,1252
05,71,6 a 10 personas,148
05,72,0 a 5 personas,10627
05,72,6 a 10 personas,1189
05,81,0 a 5 personas,17870
05,81,6 a 10 personas,1117
06,21,0 a 5 personas,21
06,21,6 a 10 personas,9
06,22,0 a 5 personas,28
06,22,6 a 10 personas,4
06,23,0 a 5 personas,158
06,23,6 a 10 personas,65
06,31,0 a 5 personas,1465
06,31,6 a 10 personas,198
06,32,0 a 5 personas,422
06,32,6 a 10 personas,45
06,33,0 a 5 personas,851
06,33,6 a 10 personas,48
06,43,0 a 5 personas,803
06,43,6 a 10 personas,146
06,46,0 a 5 personas,11853
06,46,6 a 10 personas,663
06,48,0 a 5 personas,252
06,48,6 a 10 personas,122
06,49,0 a 5 personas,37
06,49,6 a 10 personas,15
06,51,0 a 5 personas,91
06,51,6 a 10 personas,16
06,52,0 a 5 personas,531
06,52,6 a 10 personas,43
06,53,0 a 5 personas,613
06,53,6 a 10 personas,62
06,54,0 a 5 personas,650
06,54,6 a 10 personas,117
06,55,0 a 5 personas,6
06,56,0 a 5 personas,434
06,56,6 a 10 personas,27
06,61,0 a 5 personas,292
06,61,6 a 10 personas,236
06,62,0 a 5 personas,1598
06,62,6 a 10 personas,191
06,71,0 a 5 personas,356
06,71,6 a 10 personas,56
06,72,0 a 5 personas,5918
06,72,6 a 10 personas,705
06,81,0 a 5 personas,5966
06,81,6 a 10 personas,336
07,21,0 a 5 personas,25
07,21,6 a 10 personas,9
07,22,0 a 5 personas,169
07,22,6 a 10 personas,60
07,23,0 a 5 personas,301
07,23,6 a 10 personas,136
07,31,0 a 5 personas,13271
07,31,6 a 10 personas,467
07,32,0 a 5 personas,3628
07,32,6 a 10 personas,124
07,33,0 a 5 personas,5241
07,33,6 a 10 personas,106
07,43,0 a 5 personas,4167
07,43,6 a 10 personas,502
07,46,0 a 5 personas,93315
07,46,6 a 10 personas,2156
07,48,0 a 5 personas,628
07,48,6 a 10 personas,249
07,49,0 a 5 personas,149
07,49,6 a 10 personas,21
07,51,0 a 5 personas,497
07,51,6 a 10 personas,87
07,52,0 a 5 personas,1382
07,52,6 a 10 personas,202
07,53,0 a 5 personas,1752
07,53,6 a 10 personas,94
07,54,0 a 5 personas,2580
07,54,6 a 10 personas,263
07,55,0 a 5 personas,4
07,55,6 a 10 personas,1
07,56,0 a 5 personas,3185
07,56,6 a 10 personas,88
07,61,0 a 5 personas,1654
07,61,6 a 10 personas,986
07,62,0 a 5 personas,5432
07,62,6 a 10 personas,757
07,71,0 a 5 personas,2100
07,71,6 a 10 personas,223
07,72,0 a 5 personas,27359
07,72,6 a 10 personas,1456
07,81,0 a 5 personas,26574
07,81,6 a 10 personas,1844
08,21,0 a 5 personas,39
08,21,6 a 10 personas,12
08,22,0 a 5 personas,99
08,22,6 a 10 personas,45
08,23,0 a 5 personas,336
08,23,6 a 10 personas,126
08,31,0 a 5 personas,3019
08,31,6 a 10 personas,329
08,32,0 a 5 personas,1699
08,32,6 a 10 personas,209
08,33,0 a 5 personas,2205
08,33,6 a 10 personas,284
08,43,0 a 5 personas,2700
08,43,6 a 10 personas,720
08,46,0 a 5 personas,42208
08,46,6 a 10 personas,2806
08,48,0 a 5 personas,418
08,48,6 a 10 personas,191
08,49,0 a 5 personas,144
08,49,6 a 10 personas,30
08,51,0 a 5 personas,306
08,51,6 a 10 personas,61
08,52,0 a 5 personas,2987
08,52,6 a 10 personas,173
08,53,0 a 5 personas,1527
08,53,6 a 10 personas,186
08,54,0 a 5 personas,2178
08,54,6 a 10 personas,362
08,55,0 a 5 personas,8
08,56,0 a 5 personas,1043
08,56,6 a 10 personas,110
08,61,0 a 5 personas,1103
08,61,6 a 10 personas,1059
08,62,0 a 5 personas,5275
08,62,6 a 10 personas,627
08,71,0 a 5 personas,1662
08,71,6 a 10 personas,143
08,72,0 a 5 personas,11721
08,72,6 a 10 personas,1381
08,81,0 a 5 personas,21292
08,81,6 a 10 personas,1170
09,21,0 a 5 personas,9
09,21,6 a 10 personas,6
09,22,0 a 5 personas,229
09,22,6 a 10 personas,80
09,23,0 a 5 personas,1165
09,23,6 a 10 personas,235
09,31,0 a 5 personas,15694
09,31,6 a 10 personas,1056
09,32,0 a 5 personas,5185
09,32,6 a 10 personas,861
09,33,0 a 5 personas,6213
09,33,6 a 10 personas,777
09,43,0 a 5 personas,11284
09,43,6 a 10 personas,2279
09,46,0 a 5 personas,188375
09,46,6 a 10 personas,7903
09,48,0 a 5 personas,1027
09,48,6 a 10 personas,423
09,49,0 a 5 personas,314
09,49,6 a 10 personas,53
09,51,0 a 5 personas,663
09,51,6 a 10 personas,287
09,52,0 a 5 personas,8208
09,52,6 a 10 personas,423
09,53,0 a 5 personas,4123
09,53,6 a 10 personas,796
09,54,0 a 5 personas,8355
09,54,6 a 10 personas,2330
09,55,0 a 5 personas,116
09,55,6 a 10 personas,7
09,56,0 a 5 personas,5981
09,56,6 a 10 personas,567
09,61,0 a 5 personas,3153
09,61,6 a 10 personas,1914
09,62,0 a 5 personas,18787
09,62,6 a 10 personas,1955
09,71,0 a 5 personas,4169
09,71,6 a 10 personas,677
09,72,0 a 5 personas,49241
09,72,6 a 10 personas,5587
09,81,0 a 5 personas,61928
09,81,6 a 10 personas,3196
10,21,0 a 5 personas,42
10,21,6 a 10 personas,6
10,22,0 a 5 personas,67
10,22,6 a 10 personas,29
10,23,0 a 5 personas,146
10,23,6 a 10 personas,64
10,31,0 a 5 personas,2008
10,31,6 a 10 personas,208
10,32,0 a 5 personas,1298
10,32,6 a 10 personas,160
10,33,0 a 5 personas,1392
10,33,6 a 10 personas,108
10,43,0 a 5 personas,1362
10,43,6 a 10 personas,264
10,46,0 a 5 personas,23313
10,46,6 a 10 personas,1251
10,48,0 a 5 personas,252
10,48,6 a 10 personas,63
10,49,0 a 5 personas,82
10,49,6 a 10 personas,13
10,51,0 a 5 personas,144
10,51,6 a 10 personas,37
10,52,0 a 5 personas,877
10,52,6 a 10 personas,85
10,53,0 a 5 personas,812
10,53,6 a 10 personas,44
10,54,0 a 5 personas,1070
10,54,6 a 10 personas,140
10,55,0 a 5 personas,4
10,56,0 a 5 personas,703
10,56,6 a 10 personas,37
10,61,0 a 5 personas,464
10,61,6 a 10 personas,425
10,62,0 a 5 personas,2426
10,62,6 a 10 personas,313
10,71,0 a 5 personas,748
10,71,6 a 10 personas,76
10,72,0 a 5 personas,8510
10,72,6 a 10 personas,560
10,81,0 a 5 personas,9759
10,81,6 a 10 personas,501
11,21,0 a 5 personas,24
11,21,6 a 10 personas,4
11,22,0 a 5 personas,113
11,22,6 a 10 personas,34
11,23,0 a 5 personas,486
11,23,6 a 10 personas,179
11,31,0 a 5 personas,14846
11,31,6 a 10 personas,2222
11,32,0 a 5 personas,4771
11,32,6 a 10 personas,723
11,33,0 a 5 personas,5994
11,33,6 a 10 personas,479
11,43,0 a 5 personas,7877
11,43,6 a 10 personas,1221
11,46,0 a 5 personas,106601
11,46,6 a 10 personas,3927
11,48,0 a 5 personas,551
11,48,6 a 10 personas,164
11,49,0 a 5 personas,242
11,49,6 a 10 personas,47
11,51,0 a 5 personas,480
11,51,6 a 10 personas,88
11,52,0 a 5 personas,2740
11,52,6 a 10 personas,276
11,53,0 a 5 personas,3863
11,53,6 a 10 personas,222
11,54,0 a 5 personas,4609
11,54,6 a 10 personas,514
11,55,0 a 5 personas,13
11,55,6 a 10 personas,1
11,56,0 a 5 personas,3305
11,56,6 a 10 personas,176
11,61,0 a 5 personas,1800
11,61,6 a 10 personas,1487
11,62,0 a 5 personas,10187
11,62,6 a 10 personas,924
11,71,0 a 5 personas,2650
11,71,6 a 10 personas,220
11,72,0 a 5 personas,28494
11,72,6 a 10 personas,2288
11,81,0 a 5 personas,34392
11,81,6 a 10 personas,1309
12,21,0 a 5 personas,298
12,21,6 a 10 personas,22
12,22,0 a 5 personas,144
12,22,6 a 10 personas,51
12,23,0 a 5 personas,131
12,23,6 a 10 personas,50
12,31,0 a 5 personas,23429
12,31,6 a 10 personas,598
12,32,0 a 5 personas,2507
12,32,6 a 10 personas,104
12,33,0 a 5 personas,6271
12,33,6 a 10 personas,90
12,43,0 a 5 personas,2732
12,43,6 a 10 personas,298
12,46,0 a 5 personas,64459
12,46,6 a 10 personas,1629
12,48,0 a 5 personas,373
12,48,6 a 10 personas,112
12,49,0 a 5 personas,123
12,49,6 a 10 personas,11
12,51,0 a 5 personas,309
12,51,6 a 10 personas,31
12,52,0 a 5 personas,1206
12,52,6 a 10 personas,92
12,53,0 a 5 personas,945
12,53,6 a 10 personas,95
12,54,0 a 5 personas,1442
12,54,6 a 10 personas,155
12,56,0 a 5 personas,1908
12,56,6 a 10 personas,41
12,61,0 a 5 personas,941
12,61,6 a 10 personas,916
12,62,0 a 5 personas,3810
12,62,6 a 10 personas,589
12,71,0 a 5 personas,1407
12,71,6 a 10 personas,143
12,72,0 a 5 personas,20574
12,72,6 a 10 personas,1305
12,81,0 a 5 personas,17666
12,81,6 a 10 personas,1011
13,21,0 a 5 personas,54
13,21,6 a 10 personas,32
13,22,0 a 5 personas,115
13,22,6 a 10 personas,27
13,23,0 a 5 personas,169
13,23,6 a 10 personas,71
13,31,0 a 5 personas,9083
13,31,6 a 10 personas,554
13,32,0 a 5 personas,2385
13,32,6 a 10 personas,105
13,33,0 a 5 personas,2917
13,33,6 a 10 personas,145
13,43,0 a 5 personas,3145
13,43,6 a 10 personas,336
13,46,0 a 5 personas,56289
13,46,6 a 10 personas,1372
13,48,0 a 5 personas,219
13,48,6 a 10 personas,58
13,49,0 a 5 personas,80
13,49,6 a 10 personas,11
13,51,0 a 5 personas,340
13,51,6 a 10 personas,44
13,52,0 a 5 personas,1155
13,52,6 a 10 personas,105
13,53,0 a 5 personas,1533
13,53,6 a 10 personas,104
13,54,0 a 5 personas,2167
13,54,6 a 10 personas,202
13,55,0 a 5 personas,3
13,56,0 a 5 personas,2146
13,56,6 a 10 personas,49
13,61,0 a 5 personas,1028
13,61,6 a 10 personas,638
13,62,0 a 5 personas,4549
13,62,6 a 10 personas,412
13,71,0 a 5 personas,1356
13,71,6 a 10 personas,131
13,72,0 a 5 personas,15761
13,72,6 a 10 personas,936
13,81,0 a 5 personas,18719
13,81,6 a 10 personas,681
14,21,0 a 5 personas,26
14,21,6 a 10 personas,10
14,22,0 a 5 personas,198
14,22,6 a 10 personas,86
14,23,0 a 5 personas,729
14,23,6 a 10 personas,300
14,31,0 a 5 personas,13731
14,31,6 a 10 personas,1944
14,32,0 a 5 personas,7021
14,32,6 a 10 personas,967
14,33,0 a 5 personas,7991
14,33,6 a 10 personas,1222
14,43,0 a 5 personas,9728
14,43,6 a 10 personas,2286
14,46,0 a 5 personas,141327
14,46,6 a 10 personas,6862
14,48,0 a 5 personas,802
14,48,6 a 10 personas,281
14,49,0 a 5 personas,420
14,49,6 a 10 personas,87
14,51,0 a 5 personas,683
14,51,6 a 10 personas,112
14,52,0 a 5 personas,4859
14,52,6 a 10 personas,397
14,53,0 a 5 personas,4361
14,53,6 a 10 personas,477
14,54,0 a 5 personas,5964
14,54,6 a 10 personas,1035
14,55,0 a 5 personas,24
14,55,6 a 10 personas,3
14,56,0 a 5 personas,4082
14,56,6 a 10 personas,286
14,61,0 a 5 personas,2765
14,61,6 a 10 personas,2754
14,62,0 a 5 personas,13381
14,62,6 a 10 personas,1309
14,71,0 a 5 personas,4377
14,71,6 a 10 personas,455
14,72,0 a 5 personas,41068
14,72,6 a 10 personas,4365
14,81,0 a 5 personas,53058
14,81,6 a 10 personas,2422
15,21,0 a 5 personas,51
15,21,6 a 10 personas,26
15,22,0 a 5 personas,708
15,22,6 a 10 personas,132
15,23,0 a 5 personas,962
15,23,6 a 10 personas,149
15,31,0 a 5 personas,36554
15,31,6 a 10 personas,1759
15,32,0 a 5 personas,8502
15,32,6 a 10 personas,775
15,33,0 a 5 personas,12664
15,33,6 a 10 personas,914
15,43,0 a 5 personas,15183
15,43,6 a 10 personas,1709
15,46,0 a 5 personas,318923
15,46,6 a 10 personas,6482
15,48,0 a 5 personas,896
15,48,6 a 10 personas,380
15,49,0 a 5 personas,287
15,49,6 a 10 personas,53
15,51,0 a 5 personas,1071
15,51,6 a 10 personas,116
15,52,0 a 5 personas,5834
15,52,6 a 10 personas,438
15,53,0 a 5 personas,5961
15,53,6 a 10 personas,576
15,54,0 a 5 personas,9013
15,54,6 a 10 personas,715
15,55,0 a 5 personas,29
15,55,6 a 10 personas,5
15,56,0 a 5 personas,11478
15,56,6 a 10 personas,231
15,61,0 a 5 personas,6153
15,61,6 a 10 personas,4435
15,62,0 a 5 personas,20879
15,62,6 a 10 personas,2115
15,71,0 a 5 personas,7876
15,71,6 a 10 personas,612
15,72,0 a 5 personas,71882
15,72,6 a 10 personas,3836
15,81,0 a 5 personas,96133
15,81,6 a 10 personas,2709
16,21,0 a 5 personas,57
16,21,6 a 10 personas,20
16,22,0 a 5 personas,180
16,22,6 a 10 personas,74
16,23,0 a 5 personas,324
16,23,6 a 10 personas,97
16,31,0 a 5 personas,16878
16,31,6 a 10 personas,1005
16,32,0 a 5 personas,9989
16,32,6 a 10 personas,437
16,33,0 a 5 personas,9278
16,33,6 a 10 personas,406
16,43,0 a 5 personas,5855
16,43,6 a 10 personas,796
16,46,0 a 5 personas,98708
16,46,6 a 10 personas,2661
16,48,0 a 5 personas,478
16,48,6 a 10 personas,164
16,49,0 a 5 personas,226
16,49,6 a 10 personas,38
16,51,0 a 5 personas,519
16,51,6 a 10 personas,84
16,52,0 a 5 personas,1765
16,52,6 a 10 personas,210
16,53,0 a 5 personas,3162
16,53,6 a 10 personas,112
16,54,0 a 5 personas,4028
16,54,6 a 10 personas,377
16,55,0 a 5 personas,7
16,56,0 a 5 personas,2794
16,56,6 a 10 personas,97
16,61,0 a 5 personas,1689
16,61,6 a 10 personas,1314
16,62,0 a 5 personas,10672
16,62,6 a 10 personas,867
16,71,0 a 5 personas,3577
16,71,6 a 10 personas,214
16,72,0 a 5 personas,29510
16,72,6 a 10 personas,1970
16,81,0 a 5 personas,32761
16,81,6 a 10 personas,1060
17,21,0 a 5 personas,12
17,21,6 a 10 personas,3
17,22,0 a 5 personas,163
17,22,6 a 10 personas,63
17,23,0 a 5 personas,173
17,23,6 a 10 personas,41
17,31,0 a 5 personas,6232
17,31,6 a 10 personas,351
17,32,0 a 5 personas,1291
17,32,6 a 10 personas,131
17,33,0 a 5 personas,2064
17,33,6 a 10 personas,69
17,43,0 a 5 personas,2430
17,43,6 a 10 personas,255
17,46,0 a 5 personas,44454
17,46,6 a 10 personas,1195
17,48,0 a 5 personas,262
17,48,6 a 10 personas,42
17,49,0 a 5 personas,64
17,49,6 a 10 personas,7
17,51,0 a 5 personas,230
17,51,6 a 10 personas,32
17,52,0 a 5 personas,1077
17,52,6 a 10 personas,66
17,53,0 a 5 personas,1045
17,53,6 a 10 personas,84
17,54,0 a 5 personas,1712
17,54,6 a 10 personas,147
17,55,0 a 5 personas,1
17,56,0 a 5 personas,1291
17,56,6 a 10 personas,61
17,61,0 a 5 personas,788
17,61,6 a 10 personas,720
17,62,0 a 5 personas,3609
17,62,6 a 10 personas,471
17,71,0 a 5 personas,1234
17,71,6 a 10 personas,83
17,72,0 a 5 personas,14437
17,72,6 a 10 personas,976
17,81,0 a 5 personas,15496
17,81,6 a 10 personas,617
18,21,0 a 5 personas,19
18,21,6 a 10 personas,4
18,22,0 a 5 personas,52
18,22,6 a 10 personas,22
18,23,0 a 5 personas,160
18,23,6 a 10 personas,64
18,31,0 a 5 personas,2702
18,31,6 a 10 personas,254
18,32,0 a 5 personas,1045
18,32,6 a 10 personas,66
18,33,0 a 5 personas,1476
18,33,6 a 10 personas,53
18,43,0 a 5 personas,1051
18,43,6 a 10 personas,193
18,46,0 a 5 personas,21143
18,46,6 a 10 personas,942
18,48,0 a 5 personas,223
18,48,6 a 10 personas,39
18,49,0 a 5 personas,48
18,49,6 a 10 personas,15
18,51,0 a 5 personas,129
18,51,6 a 10 personas,23
18,52,0 a 5 personas,803
18,52,6 a 10 personas,44
18,53,0 a 5 personas,923
18,53,6 a 10 personas,88
18,54,0 a 5 personas,971
18,54,6 a 10 personas,122
18,55,0 a 5 personas,1
18,56,0 a 5 personas,612
18,56,6 a 10 personas,32
18,61,0 a 5 personas,637
18,61,6 a 10 personas,380
18,62,0 a 5 personas,2361
18,62,6 a 10 personas,275
18,71,0 a 5 personas,682
18,71,6 a 10 personas,77
18,72,0 a 5 personas,11267
18,72,6 a 10 personas,1062
18,81,0 a 5 personas,9538
18,81,6 a 10 personas,465
19,21,0 a 5 personas,14
19,21,6 a 10 personas,10
19,22,0 a 5 personas,68
19,22,6 a 10 personas,20
19,23,0 a 5 personas,604
19,23,6 a 10 personas,253
19,31,0 a 5 personas,3744
19,31,6 a 10 personas,573
19,32,0 a 5 personas,2186
19,32,6 a 10 personas,480
19,33,0 a 5 personas,3771
19,33,6 a 10 personas,784
19,43,0 a 5 personas,4619
19,43,6 a 10 personas,1388
19,46,0 a 5 personas,51068
19,46,6 a 10 personas,5378
19,48,0 a 5 personas,621
19,48,6 a 10 personas,257
19,49,0 a 5 personas,191
19,49,6 a 10 personas,37
19,51,0 a 5 personas,442
19,51,6 a 10 personas,65
19,52,0 a 5 personas,5811
19,52,6 a 10 personas,307
19,53,0 a 5 personas,2630
19,53,6 a 10 personas,410
19,54,0 a 5 personas,3268
19,54,6 a 10 personas,808
19,55,0 a 5 personas,49
19,55,6 a 10 personas,7
19,56,0 a 5 personas,1986
19,56,6 a 10 personas,284
19,61,0 a 5 personas,1844
19,61,6 a 10 personas,1593
19,62,0 a 5 personas,7418
19,62,6 a 10 personas,871
19,71,0 a 5 personas,1902
19,71,6 a 10 personas,233
19,72,0 a 5 personas,18591
19,72,6 a 10 personas,1974
19,81,0 a 5 personas,28397
19,81,6 a 10 personas,1789
20,21,0 a 5 personas,3
20,21,6 a 10 personas,6
20,22,0 a 5 personas,527
20,22,6 a 10 personas,228
20,23,0 a 5 personas,232
20,23,6 a 10 personas,150
20,31,0 a 5 personas,41144
20,31,6 a 10 personas,675
20,32,0 a 5 personas,5157
20,32,6 a 10 personas,198
20,33,0 a 5 personas,5897
20,33,6 a 10 personas,94
20,43,0 a 5 personas,3706
20,43,6 a 10 personas,406
20,46,0 a 5 personas,88849
20,46,6 a 10 personas,1737
20,48,0 a 5 personas,538
20,48,6 a 10 personas,205
20,49,0 a 5 personas,174
20,49,6 a 10 personas,31
20,51,0 a 5 personas,651
20,51,6 a 10 personas,81
20,52,0 a 5 personas,1440
20,52,6 a 10 personas,164
20,53,0 a 5 personas,1407
20,53,6 a 10 personas,128
20,54,0 a 5 personas,2671
20,54,6 a 10 personas,264
20,55,0 a 5 personas,3
20,55,6 a 10 personas,1
20,56,0 a 5 personas,3079
20,56,6 a 10 personas,72
20,61,0 a 5 personas,2723
20,61,6 a 10 personas,1553
20,62,0 a 5 personas,7043
20,62,6 a 10 personas,962
20,71,0 a 5 personas,1763
20,71,6 a 10 personas,213
20,72,0 a 5 personas,32833
20,72,6 a 10 personas,1492
20,81,0 a 5 personas,24135
20,81,6 a 10 personas,1439
21,21,0 a 5 personas,468
21,21,6 a 10 personas,30
21,22,0 a 5 personas,311
21,22,6 a 10 personas,121
21,23,0 a 5 personas,596
21,23,6 a 10 personas,170
21,31,0 a 5 personas,29717
21,31,6 a 10 personas,1496
21,32,0 a 5 personas,10431
21,32,6 a 10 personas,608
21,33,0 a 5 personas,8292
21,33,6 a 10 personas,407
21,43,0 a 5 personas,7768
21,43,6 a 10 personas,839
21,46,0 a 5 personas,139616
21,46,6 a 10 personas,3248
21,48,0 a 5 personas,679
21,48,6 a 10 personas,173
21,49,0 a 5 personas,232
21,49,6 a 10 personas,26
21,51,0 a 5 personas,555
21,51,6 a 10 personas,79
21,52,0 a 5 personas,2369
21,52,6 a 10 personas,225
21,53,0 a 5 personas,3386
21,53,6 a 10 personas,260
21,54,0 a 5 personas,4414
21,54,6 a 10 personas,510
21,55,0 a 5 personas,6
21,55,6 a 10 personas,2
21,56,0 a 5 personas,4467
21,56,6 a 10 personas,140
21,61,0 a 5 personas,3050
21,61,6 a 10 personas,1840
21,62,0 a 5 personas,10608
21,62,6 a 10 personas,889
21,71,0 a 5 personas,3198
21,71,6 a 10 personas,428
21,72,0 a 5 personas,35938
21,72,6 a 10 personas,2054
21,81,0 a 5 personas,42053
21,81,6 a 10 personas,1389
22,21,0 a 5 personas,83
22,21,6 a 10 personas,13
22,22,0 a 5 personas,26
22,22,6 a 10 personas,16
22,23,0 a 5 personas,211
22,23,6 a 10 personas,82
22,31,0 a 5 personas,2964
22,31,6 a 10 personas,240
22,32,0 a 5 personas,1539
22,32,6 a 10 personas,180
22,33,0 a 5 personas,1705
22,33,6 a 10 personas,269
22,43,0 a 5 personas,2390
22,43,6 a 10 personas,617
22,46,0 a 5 personas,33556
22,46,6 a 10 personas,1575
22,48,0 a 5 personas,237
22,48,6 a 10 personas,113
22,49,0 a 5 personas,86
22,49,6 a 10 personas,13
22,51,0 a 5 personas,163
22,51,6 a 10 personas,33
22,52,0 a 5 personas,1650
22,52,6 a 10 personas,153
22,53,0 a 5 personas,1195
22,53,6 a 10 personas,160
22,54,0 a 5 personas,1813
22,54,6 a 10 personas,398
22,55,0 a 5 personas,6
22,56,0 a 5 personas,1168
22,56,6 a 10 personas,112
22,61,0 a 5 personas,736
22,61,6 a 10 personas,520
22,62,0 a 5 personas,4240
22,62,6 a 10 personas,406
22,71,0 a 5 personas,808
22,71,6 a 10 personas,120
22,72,0 a 5 personas,11198
22,72,6 a 10 personas,1074
22,81,0 a 5 personas,11738
22,81,6 a 10 personas,663
23,21,6 a 10 personas,1
23,22,0 a 5 personas,57
23,22,6 a 10 personas,7
23,23,0 a 5 personas,106
23,23,6 a 10 personas,54
23,31,0 a 5 personas,1720
23,31,6 a 10 personas,138
23,32,0 a 5 personas,501
23,32,6 a 10 personas,71
23,33,0 a 5 personas,855
23,33,6 a 10 personas,69
23,43,0 a 5 personas,1060
23,43,6 a 10 personas,286
23,46,0 a 5 personas,20584
23,46,6 a 10 personas,2166
23,48,0 a 5 personas,165
23,48,6 a 10 personas,46
23,49,0 a 5 personas,59
23,49,6 a 10 personas,15
23,51,0 a 5 personas,107
23,51,6 a 10 personas,39
23,52,0 a 5 personas,2193
23,52,6 a 10 personas,76
23,53,0 a 5 personas,945
23,53,6 a 10 personas,241
23,54,0 a 5 personas,996
23,54,6 a 10 personas,230
23,55,0 a 5 personas,5
23,55,6 a 10 personas,3
23,56,0 a 5 personas,944
23,56,6 a 10 personas,161
23,61,0 a 5 personas,501
23,61,6 a 10 personas,361
23,62,0 a 5 personas,1754
23,62,6 a 10 personas,266
23,71,0 a 5 personas,747
23,71,6 a 10 personas,131
23,72,0 a 5 personas,8361
23,72,6 a 10 personas,1560
23,81,0 a 5 personas,9198
23,81,6 a 10 personas,672
24,21,0 a 5 personas,74
24,21,6 a 10 personas,21
24,22,0 a 5 personas,163
24,22,6 a 10 personas,33
24,23,0 a 5 personas,253
24,23,6 a 10 personas,101
24,31,0 a 5 personas,4522
24,31,6 a 10 personas,373
24,32,0 a 5 personas,1758
24,32,6 a 10 personas,150
24,33,0 a 5 personas,2514
24,33,6 a 10 personas,236
24,43,0 a 5 personas,2730
24,43,6 a 10 personas,529
24,46,0 a 5 personas,41165
24,46,6 a 10 personas,1654
24,48,0 a 5 personas,311
24,48,6 a 10 personas,91
24,49,0 a 5 personas,76
24,49,6 a 10 personas,13
24,51,0 a 5 personas,244
24,51,6 a 10 personas,52
24,52,0 a 5 personas,1288
24,52,6 a 10 personas,123
24,53,0 a 5 personas,1751
24,53,6 a 10 personas,107
24,54,0 a 5 personas,1872
24,54,6 a 10 personas,263
24,55,0 a 5 personas,4
24,56,0 a 5 personas,1463
24,56,6 a 10 personas,95
24,61,0 a 5 personas,996
24,61,6 a 10 personas,613
24,62,0 a 5 personas,4429
24,62,6 a 10 personas,367
24,71,0 a 5 personas,1221
24,71,6 a 10 personas,136
24,72,0 a 5 personas,14139
24,72,6 a 10 personas,991
24,81,0 a 5 personas,15737
24,81,6 a 10 personas,697
25,21,0 a 5 personas,15
25,21,6 a 10 personas,8
25,22,0 a 5 personas,116
25,22,6 a 10 personas,23
25,23,0 a 5 personas,343
25,23,6 a 10 personas,134
25,31,0 a 5 personas,6023
25,31,6 a 10 personas,353
25,32,0 a 5 personas,1667
25,32,6 a 10 personas,162
25,33,0 a 5 personas,2586
25,33,6 a 10 personas,161
25,43,0 a 5 personas,2782
25,43,6 a 10 personas,705
25,46,0 a 5 personas,36822
25,46,6 a 10 personas,2686
25,48,0 a 5 personas,360
25,48,6 a 10 personas,101
25,49,0 a 5 personas,147
25,49,6 a 10 personas,32
25,51,0 a 5 personas,183
25,51,6 a 10 personas,40
25,52,0 a 5 personas,2079
25,52,6 a 10 personas,164
25,53,0 a 5 personas,1812
25,53,6 a 10 personas,180
25,54,0 a 5 personas,1988
25,54,6 a 10 personas,380
25,55,0 a 5 personas,11
25,55,6 a 10 personas,1
25,56,0 a 5 personas,1060
25,56,6 a 10 personas,101
25,61,0 a 5 personas,1056
25,61,6 a 10 personas,555
25,62,0 a 5 personas,5723
25,62,6 a 10 personas,570
25,71,0 a 5 personas,1196
25,71,6 a 10 personas,156
25,72,0 a 5 personas,12695
25,72,6 a 10 personas,1603
25,81,0 a 5 personas,19777
25,81,6 a 10 personas,980
26,21,0 a 5 personas,38
26,21,6 a 10 personas,28
26,22,0 a 5 personas,166
26,22,6 a 10 personas,60
26,23,0 a 5 personas,378
26,23,6 a 10 personas,209
26,31,0 a 5 personas,6533
26,31,6 a 10 personas,568
26,32,0 a 5 personas,1628
26,32,6 a 10 personas,159
26,33,0 a 5 personas,2507
26,33,6 a 10 personas,211
26,43,0 a 5 personas,2684
26,43,6 a 10 personas,744
26,46,0 a 5 personas,31703
26,46,6 a 10 personas,3078
26,48,0 a 5 personas,477
26,48,6 a 10 personas,181
26,49,0 a 5 personas,140
26,49,6 a 10 personas,42
26,51,0 a 5 personas,288
26,51,6 a 10 personas,55
26,52,0 a 5 personas,2544
26,52,6 a 10 personas,195
26,53,0 a 5 personas,1928
26,53,6 a 10 personas,195
26,54,0 a 5 personas,2352
26,54,6 a 10 personas,471
26,55,0 a 5 personas,2
26,56,0 a 5 personas,795
26,56,6 a 10 personas,128
26,61,0 a 5 personas,1198
26,61,6 a 10 personas,953
26,62,0 a 5 personas,4817
26,62,6 a 10 personas,619
26,71,0 a 5 personas,1107
26,71,6 a 10 personas,159
26,72,0 a 5 personas,10862
26,72,6 a 10 personas,1393
26,81,0 a 5 personas,19719
26,81,6 a 10 personas,1232
27,21,0 a 5 personas,6
27,21,6 a 10 personas,4
27,22,0 a 5 personas,252
27,22,6 a 10 personas,23
27,23,0 a 5 personas,187
27,23,6 a 10 personas,74
27,31,0 a 5 personas,3908
27,31,6 a 10 personas,238
27,32,0 a 5 personas,1291
27,32,6 a 10 personas,52
27,33,0 a 5 personas,1927
27,33,6 a 10 personas,41
27,43,0 a 5 personas,1592
27,43,6 a 10 personas,259
27,46,0 a 5 personas,27823
27,46,6 a 10 personas,1493
27,48,0 a 5 personas,178
27,48,6 a 10 personas,95
27,49,0 a 5 personas,52
27,49,6 a 10 personas,11
27,51,0 a 5 personas,179
27,51,6 a 10 personas,36
27,52,0 a 5 personas,1059
27,52,6 a 10 personas,107
27,53,0 a 5 personas,837
27,53,6 a 10 personas,72
27,54,0 a 5 personas,1276
27,54,6 a 10 personas,166
27,55,0 a 5 personas,1
27,56,0 a 5 personas,1141
27,56,6 a 10 personas,56
27,61,0 a 5 personas,550
27,61,6 a 10 personas,393
27,62,0 a 5 personas,2885
27,62,6 a 10 personas,303
27,71,0 a 5 personas,883
27,71,6 a 10 personas,72
27,72,0 a 5 personas,10914
27,72,6 a 10 personas,715
27,81,0 a 5 personas,12385
27,81,6 a 10 personas,877
28,21,0 a 5 personas,9
28,21,6 a 10 personas,1
28,22,0 a 5 personas,129
28,22,6 a 10 personas,34
28,23,0 a 5 personas,277
28,23,6 a 10 personas,172
28,31,0 a 5 personas,4033
28,31,6 a 10 personas,325
28,32,0 a 5 personas,1456
28,32,6 a 10 personas,131
28,33,0 a 5 personas,2440
28,33,6 a 10 personas,161
28,43,0 a 5 personas,2049
28,43,6 a 10 personas,456
28,46,0 a 5 personas,44369
28,46,6 a 10 personas,2923
28,48,0 a 5 personas,690
28,48,6 a 10 personas,391
28,49,0 a 5 personas,132
28,49,6 a 10 personas,32
28,51,0 a 5 personas,197
28,51,6 a 10 personas,55
28,52,0 a 5 personas,2937
28,52,6 a 10 personas,204
28,53,0 a 5 personas,1796
28,53,6 a 10 personas,114
28,54,0 a 5 personas,2053
28,54,6 a 10 personas,287
28,55,0 a 5 personas,4
28,55,6 a 10 personas,1
28,56,0 a 5 personas,1005
28,56,6 a 10 personas,85
28,61,0 a 5 personas,1089
28,61,6 a 10 personas,914
28,62,0 a 5 personas,5310
28,62,6 a 10 personas,489
28,71,0 a 5 personas,1466
28,71,6 a 10 personas,123
28,72,0 a 5 personas,13389
28,72,6 a 10 personas,1383
28,81,0 a 5 personas,24310
28,81,6 a 10 personas,1211
29,21,0 a 5 personas,7
29,21,6 a 10 personas,2
29,22,0 a 5 personas,118
29,22,6 a 10 personas,21
29,23,0 a 5 personas,103
29,23,6 a 10 personas,35
29,31,0 a 5 personas,8372
29,31,6 a 10 personas,444
29,32,0 a 5 personas,1410
29,32,6 a 10 personas,93
29,33,0 a 5 personas,1817
29,33,6 a 10 personas,69
29,43,0 a 5 personas,1830
29,43,6 a 10 personas,117
29,46,0 a 5 personas,35617
29,46,6 a 10 personas,524
29,48,0 a 5 personas,104
29,48,6 a 10 personas,41
29,49,0 a 5 personas,35
29,49,6 a 10 personas,7
29,51,0 a 5 personas,177
29,51,6 a 10 personas,15
29,52,0 a 5 personas,424
29,52,6 a 10 personas,50
29,53,0 a 5 personas,935
29,53,6 a 10 personas,42
29,54,0 a 5 personas,891
29,54,6 a 10 personas,75
29,56,0 a 5 personas,1095
29,56,6 a 10 personas,19
29,61,0 a 5 personas,555
29,61,6 a 10 personas,407
29,62,0 a 5 personas,2242
29,62,6 a 10 personas,235
29,71,0 a 5 personas,932
29,71,6 a 10 personas,105
29,72,0 a 5 personas,7780
29,72,6 a 10 personas,370
29,81,0 a 5 personas,9954
29,81,6 a 10 personas,325
30,21,0 a 5 personas,18
30,21,6 a 10 personas,16
30,22,0 a 5 personas,235
30,22,6 a 10 personas,90
30,23,0 a 5 personas,458
30,23,6 a 10 personas,170
30,31,0 a 5 personas,16790
30,31,6 a 10 personas,907
30,32,0 a 5 personas,4058
30,32,6 a 10 personas,204
30,33,0 a 5 personas,7711
30,33,6 a 10 personas,180
30,43,0 a 5 personas,6059
30,43,6 a 10 personas,861
30,46,0 a 5 personas,122489
30,46,6 a 10 personas,4069
30,48,0 a 5 personas,764
30,48,6 a 10 personas,274
30,49,0 a 5 personas,224
30,49,6 a 10 personas,38
30,51,0 a 5 personas,710
30,51,6 a 10 personas,119
30,52,0 a 5 personas,3487
30,52,6 a 10 personas,336
30,53,0 a 5 personas,3050
30,53,6 a 10 personas,171
30,54,0 a 5 personas,4307
30,54,6 a 10 personas,469
30,55,0 a 5 personas,8
30,56,0 a 5 personas,3900
30,56,6 a 10 personas,140
30,61,0 a 5 personas,3346
30,61,6 a 10 personas,2495
30,62,0 a 5 personas,10813
30,62,6 a 10 personas,1128
30,71,0 a 5 personas,3282
30,71,6 a 10 personas,281
30,72,0 a 5 personas,44646
30,72,6 a 10 personas,2625
30,81,0 a 5 personas,46563
30,81,6 a 10 personas,2161
31,21,0 a 5 personas,4
31,21,6 a 10 personas,8
31,22,0 a 5 personas,121
31,22,6 a 10 personas,45
31,23,0 a 5 personas,275
31,23,6 a 10 personas,144
31,31,0 a 5 personas,21855
31,31,6 a 10 personas,707
31,32,0 a 5 personas,1457
31,32,6 a 10 personas,156
31,33,0 a 5 personas,2249
31,33,6 a 10 personas,180
31,43,0 a 5 personas,2386
31,43,6 a 10 personas,474
31,46,0 a 5 personas,36081
31,46,6 a 10 personas,2209
31,48,0 a 5 personas,200
31,48,6 a 10 personas,96
31,49,0 a 5 personas,66
31,49,6 a 10 personas,18
31,51,0 a 5 personas,236
31,51,6 a 10 personas,57
31,52,0 a 5 personas,1626
31,52,6 a 10 personas,149
31,53,0 a 5 personas,1575
31,53,6 a 10 personas,163
31,54,0 a 5 personas,1662
31,54,6 a 10 personas,387
31,55,0 a 5 personas,5
31,55,6 a 10 personas,2
31,56,0 a 5 personas,1172
31,56,6 a 10 personas,124
31,61,0 a 5 personas,1211
31,61,6 a 10 personas,652
31,62,0 a 5 personas,4145
31,62,6 a 10 personas,517
31,71,0 a 5 personas,1547
31,71,6 a 10 personas,132
31,72,0 a 5 personas,14988
31,72,6 a 10 personas,1435
31,81,0 a 5 personas,15342
31,81,6 a 10 personas,1026
32,21,0 a 5 personas,47
32,21,6 a 10 personas,5
32,22,0 a 5 personas,75
32,22,6 a 10 personas,39
32,23,0 a 5 personas,105
32,23,6 a 10 personas,63
32,31,0 a 5 personas,2597
32,31,6 a 10 personas,247
32,32,0 a 5 personas,1514
32,32,6 a 10 personas,54
32,33,0 a 5 personas,1725
32,33,6 a 10 personas,42
32,43,0 a 5 personas,1598
32,43,6 a 10 personas,217
32,46,0 a 5 personas,26531
32,46,6 a 10 personas,989
32,48,0 a 5 personas,209
32,48,6 a 10 personas,51
32,49,0 a 5 personas,71
32,49,6 a 10 personas,5
32,51,0 a 5 personas,202
32,51,6 a 10 personas,42
32,52,0 a 5 personas,600
32,52,6 a 10 personas,45
32,53,0 a 5 personas,1000
32,53,6 a 10 personas,31
32,54,0 a 5 personas,1159
32,54,6 a 10 personas,103
32,56,0 a 5 personas,723
32,56,6 a 10 personas,24
32,61,0 a 5 personas,475
32,61,6 a 10 personas,329
32,62,0 a 5 personas,3064
32,62,6 a 10 personas,290
32,71,0 a 5 personas,1055
32,71,6 a 10 personas,90
32,72,0 a 5 personas,7642
32,72,6 a 10 personas,605
32,81,0 a 5 personas,9771
32,81,6 a 10 personas,345
